BDD_ID,Bench Label
2,109
3,105
6,263
7,101
8,97
11,262
16,308
17,77
18,73
21,259
22,69
23,65
26,258
31,302
40,344
41,131
42,137
43,268
61,348
62,57
63,41
66,279
67,25
68,9
71,278
76,316
97,380
98,593
99,93
100,89
103,261
104,85
105,81
108,260
113,305
121,342
122,129
123,266
142,346
143,49
144,33
147,275
148,17
149,1
152,274
157,314
186,354
187,592
188,61
190,257
191,53
193,256
199,299
200,29
202,253
203,21
205,252
211,293
223,341
224,136
225,273
243,353
244,125
246,289
247,288
253,321
298,445
299,585
300,45
302,255
303,37
305,254
311,296
312,13
314,251
315,5
317,250
323,290
335,340
336,135
337,272
355,352
356,121
358,287
359,286
365,320
410,432
411,584
422,339
423,134
424,271
442,351
443,117
445,285
446,284
452,319
497,419
498,583
510,338
511,133
512,270
530,350
531,113
533,283
534,282
540,318
585,406
1778,601
299,582
411,581
1779,580
1804,600
299,579
498,578
1779,577
1953,599
411,576
498,575
1779,574
2382,598
4143,607
4144,265
3678,264
4148,311
4156,345
4157,132
4158,269
4176,349
4177,281
4178,280
4184,317
4221,393
4228,343
4229,130
4230,267
4249,347
4250,277
4251,276
4257,315
4287,367
9753,655
12632,723
18758,755
18761,722
21955,754
21962,721
25192,753
25207,720
28461,752
28464,591
187,590
32654,650
33421,719
34189,751
34192,718
34198,750
34205,717
34219,749
34234,716
34264,748
98,589
34265,588
36511,645
36542,715
37340,747
37343,714
38241,746
38248,713
39278,745
39293,712
40459,744
28464,587
34265,586
40937,640
40968,711
41030,743
41033,710
41099,742
41106,709
41208,741
41223,708
41365,740
411,573
1779,572
28464,565
98,564
34265,563
41464,597
28464,562
98,561
187,560
41491,596
28464,559
34265,558
187,557
41502,595
98,556
34265,555
187,554
41613,594
42114,602
50182,635
50437,707
52995,739
53250,706
53824,738
